generator,judge,qual_gen,beta_per_SD,OR_per_SD,p,mean_delta_words
Llama,Llama,974,0.26248237778557926,1.3001535563818631,0.26495650623619316,63.322
Llama,GPT-OSS,992,0.8889944955710027,2.4326823482335445,0.09418693501282067,63.322
GPT-OSS,GPT-OSS,989,0.7012155038289603,2.0162019198089247,0.03548590273881453,12.664
GPT-OSS,Llama,874,0.3621277599602054,1.4363824424017788,0.0005702477707295051,12.664
