generator,orig_mean,gen_mean,gen_sd,ratio_of_means,mean_of_ratios,ratio_sd
Llama,67.999,131.321,34.39742929554681,1.9312195767584819,2.0393173243428135,0.5328152408363569
GPT-OSS,67.999,80.663,27.557228304599718,1.1862380329122488,1.2052369144669297,0.16886277024803004
